{
  "economy": 237.12014584502668,
  "population": 11.787975398025003,
  "technology": 742.3956012405384,
  "energy": 376.8374058069524,
  "conflict": 36.84643874999999,
  "tech_tree": {
    "agriculture": 11,
    "industry": 11,
    "energy_tech": 14,
    "military": 17,
    "science": 12
  },
  "resources": {
    "food": 529.5013222044741,
    "minerals": 1975.9767445313223,
    "energy_source": -104.47182505153137
  },
  "geography": {
    "region": "river",
    "distance_bias": 1.3091057639378068
  },
  "alliances": [
    "branch_1773480740184",
    "branch_1773480740170",
    "branch_1773480740156",
    "branch_1773536037380",
    "branch_1773536062101"
  ],
  "space": [
    "mars_colony",
    "orbital_solar",
    "asteroid_mining",
    "asteroid_mining",
    "mars_colony",
    "orbital_solar",
    "asteroid_mining",
    "orbital_solar",
    "mars_colony"
  ]
}