{
  "economy": 0.6364739063262305,
  "population": 0.03220646632031251,
  "technology": 913.2460188260907,
  "energy": 1301.8451583516396,
  "conflict": 28.14640377749999,
  "tech_tree": {
    "agriculture": 9,
    "industry": 8,
    "energy_tech": 7,
    "military": 9,
    "science": 11
  },
  "resources": {
    "food": 1137.663789230933,
    "minerals": 5138.00340838874,
    "energy_source": 5023.6484566132
  },
  "geography": {
    "region": "river",
    "distance_bias": 1.3091057639378068
  },
  "alliances": [
    "branch_1773480740184",
    "branch_1773480740170",
    "branch_1773480740156",
    "branch_1773536029304",
    "branch_1773536062110",
    "branch_1773536144097",
    "branch_1773536178932"
  ],
  "space": [
    "mars_colony",
    "orbital_solar",
    "asteroid_mining",
    "asteroid_mining",
    "asteroid_mining",
    "orbital_solar",
    "orbital_solar",
    "orbital_solar",
    "asteroid_mining",
    "orbital_solar",
    "mars_colony",
    "orbital_solar"
  ],
  "origin": "branch_1773536045408"
}