{
  "economy": 79.68134122651374,
  "population": 4.103140964025751,
  "technology": 1250.5280305425479,
  "energy": 1029.8350768120613,
  "conflict": 7.410832448992099,
  "tech_tree": {
    "agriculture": 10,
    "industry": 10,
    "energy_tech": 13,
    "military": 11,
    "science": 11
  },
  "resources": {
    "food": 216.60771033908233,
    "minerals": 3514.0121844094165,
    "energy_source": 14.986398921628961
  },
  "geography": {
    "region": "mountain",
    "distance_bias": 0.5136547651628479
  },
  "alliances": [
    "branch_1773480740156",
    "branch_1773480740170",
    "branch_1773480740184",
    "branch_1773484554893",
    "branch_1773536096662",
    "branch_1773536154810"
  ],
  "space": [
    "mars_colony",
    "mars_colony",
    "asteroid_mining",
    "mars_colony",
    "asteroid_mining",
    "asteroid_mining"
  ],
  "origin": "branch_1773480602133"
}