{
  "economy": 0.1818496875217802,
  "population": 0.008051616580078127,
  "technology": 576.467846380096,
  "energy": 595.4673556377011,
  "conflict": 28.14640377749999,
  "tech_tree": {
    "agriculture": 9,
    "industry": 8,
    "energy_tech": 7,
    "military": 9,
    "science": 11
  },
  "resources": {
    "food": 1137.663789230933,
    "minerals": 3338.003408388741,
    "energy_source": 3523.648456613201
  },
  "geography": {
    "region": "river",
    "distance_bias": 1.3091057639378068
  },
  "alliances": [
    "branch_1773480740184",
    "branch_1773480740170",
    "branch_1773480740156",
    "branch_1773536029304",
    "branch_1773536062110",
    "branch_1773536105566",
    "branch_1773536144178"
  ],
  "space": [
    "mars_colony",
    "orbital_solar",
    "asteroid_mining",
    "asteroid_mining",
    "asteroid_mining",
    "orbital_solar",
    "orbital_solar",
    "orbital_solar"
  ],
  "origin": "branch_1773536124223"
}