{
  "economy": 0.11217768212968919,
  "population": 0.009160950420000003,
  "technology": 520.7812398159995,
  "energy": 510.3036144343971,
  "conflict": 25.40212940919374,
  "tech_tree": {
    "agriculture": 9,
    "industry": 8,
    "energy_tech": 7,
    "military": 9,
    "science": 11
  },
  "resources": {
    "food": 1137.663789230933,
    "minerals": 3938.003408388741,
    "energy_source": 3823.648456613201
  },
  "geography": {
    "region": "river",
    "distance_bias": 1.3091057639378068
  },
  "alliances": [
    "branch_1773480740184",
    "branch_1773480740170",
    "branch_1773480740156",
    "branch_1773536029295",
    "branch_1773536045388",
    "branch_1773536045396",
    "branch_1773536105582",
    "branch_1773536133928",
    "branch_1773480740156"
  ],
  "space": [
    "mars_colony",
    "orbital_solar",
    "asteroid_mining",
    "mars_colony",
    "mars_colony",
    "asteroid_mining",
    "asteroid_mining",
    "orbital_solar",
    "asteroid_mining",
    "asteroid_mining"
  ],
  "origin": "branch_1773536029304"
}