{
  "economy": 0.010600790961255631,
  "population": 0.0007634125350000003,
  "technology": 339.36268191736485,
  "energy": 308.69027716258427,
  "conflict": 25.40212940919374,
  "tech_tree": {
    "agriculture": 9,
    "industry": 8,
    "energy_tech": 7,
    "military": 9,
    "science": 11
  },
  "resources": {
    "food": 1137.663789230933,
    "minerals": 2938.003408388741,
    "energy_source": 2923.648456613201
  },
  "geography": {
    "region": "river",
    "distance_bias": 1.3091057639378068
  },
  "alliances": [
    "branch_1773480740184",
    "branch_1773480740170",
    "branch_1773480740156",
    "branch_1773536037366",
    "branch_1773480602136",
    "branch_1773536079363",
    "branch_1773536045408",
    "branch_1773536114704",
    "branch_1773536124247"
  ],
  "space": [
    "mars_colony",
    "orbital_solar",
    "asteroid_mining",
    "mars_colony",
    "mars_colony",
    "mars_colony",
    "orbital_solar",
    "mars_colony"
  ],
  "origin": "branch_1773536062110"
}