{
  "economy": 0.25672897061898386,
  "population": 0.007076616134834292,
  "technology": 457.68713701255274,
  "energy": 541.0666342584542,
  "conflict": 26.73908358862499,
  "tech_tree": {
    "agriculture": 9,
    "industry": 8,
    "energy_tech": 7,
    "military": 9,
    "science": 11
  },
  "resources": {
    "food": 1137.663789230933,
    "minerals": 3338.003408388741,
    "energy_source": 3223.648456613201
  },
  "geography": {
    "region": "river",
    "distance_bias": 1.3091057639378068
  },
  "alliances": [
    "branch_1773480740184",
    "branch_1773480740170",
    "branch_1773480740156",
    "branch_1773536029304",
    "branch_1773536062110",
    "branch_1773536096715",
    "branch_1773536105601",
    "branch_1773536114627"
  ],
  "space": [
    "mars_colony",
    "orbital_solar",
    "asteroid_mining",
    "asteroid_mining",
    "asteroid_mining",
    "mars_colony",
    "asteroid_mining",
    "orbital_solar",
    "mars_colony"
  ],
  "origin": "branch_1773536096717"
}