{
  "economy": 0.15384367834928805,
  "population": 0.019085313375000006,
  "technology": 347.86507110121175,
  "energy": 250.5788494176897,
  "conflict": 22.925421791797348,
  "tech_tree": {
    "agriculture": 9,
    "industry": 8,
    "energy_tech": 7,
    "military": 9,
    "science": 11
  },
  "resources": {
    "food": 1137.663789230933,
    "minerals": 1738.0034083887408,
    "energy_source": 2023.6484566132008
  },
  "geography": {
    "region": "river",
    "distance_bias": 1.3091057639378068
  },
  "alliances": [
    "branch_1773480740184",
    "branch_1773480740170",
    "branch_1773480740156",
    "branch_1773536029295",
    "branch_1773536045388",
    "branch_1773536045396",
    "branch_1773536062119",
    "branch_1773536062098",
    "branch_1773536096731",
    "branch_1773536070731",
    "branch_1773536154795"
  ],
  "space": [
    "mars_colony",
    "orbital_solar",
    "asteroid_mining",
    "mars_colony",
    "asteroid_mining"
  ],
  "origin": "branch_1773536029304"
}