{
  "economy": 7.254414296728105,
  "population": 0.25524092386097197,
  "technology": 927.2328451872573,
  "energy": 856.5655508372162,
  "conflict": 6.688276285215369,
  "tech_tree": {
    "agriculture": 10,
    "industry": 11,
    "energy_tech": 13,
    "military": 11,
    "science": 11
  },
  "resources": {
    "food": 202.08733778165814,
    "minerals": 3035.0457466933167,
    "energy_source": -649.5881738715198
  },
  "geography": {
    "region": "mountain",
    "distance_bias": 0.5136547651628479
  },
  "alliances": [
    "branch_1773480740156",
    "branch_1773480740170",
    "branch_1773480740184",
    "branch_1773484554893",
    "branch_1773536045388",
    "branch_1773536133889",
    "branch_1773536133961",
    "branch_1773536144022"
  ],
  "space": [
    "mars_colony",
    "mars_colony",
    "asteroid_mining",
    "mars_colony",
    "asteroid_mining"
  ],
  "origin": "branch_1773536133881"
}