{
  "economy": 0.256728970618984,
  "population": 0.016774201208496098,
  "technology": 635.5558006340559,
  "energy": 972.2291084331603,
  "conflict": 26.73908358862499,
  "tech_tree": {
    "agriculture": 9,
    "industry": 8,
    "energy_tech": 7,
    "military": 9,
    "science": 11
  },
  "resources": {
    "food": 1137.663789230933,
    "minerals": 4138.00340838874,
    "energy_source": 4123.6484566132
  },
  "geography": {
    "region": "river",
    "distance_bias": 1.3091057639378068
  },
  "alliances": [
    "branch_1773480740184",
    "branch_1773480740170",
    "branch_1773480740156",
    "branch_1773536045396",
    "branch_1773536062098",
    "branch_1773536105638",
    "branch_1773536070731",
    "branch_1773536096733"
  ],
  "space": [
    "mars_colony",
    "orbital_solar",
    "asteroid_mining",
    "asteroid_mining",
    "asteroid_mining",
    "mars_colony",
    "asteroid_mining",
    "orbital_solar",
    "mars_colony",
    "mars_colony"
  ],
  "origin": "branch_1773536133961"
}