{
  "economy": 2.1932789554430694,
  "population": 0.12436729920000003,
  "technology": 631.2692478736084,
  "energy": 404.0402029627788,
  "conflict": 29.834207338624985,
  "tech_tree": {
    "agriculture": 10,
    "industry": 8,
    "energy_tech": 9,
    "military": 12,
    "science": 12
  },
  "resources": {
    "food": 703.0174150909318,
    "minerals": 3674.3997431361868,
    "energy_source": 2231.89463060646
  },
  "geography": {
    "region": "river",
    "distance_bias": 1.3091057639378068
  },
  "alliances": [
    "branch_1773480740184",
    "branch_1773480740170",
    "branch_1773480740156",
    "branch_1773536037380",
    "branch_1773480740184",
    "branch_1773536087821",
    "branch_1773536124279",
    "branch_1773536144156"
  ],
  "space": [
    "mars_colony",
    "orbital_solar",
    "asteroid_mining",
    "asteroid_mining",
    "mars_colony",
    "orbital_solar",
    "mars_colony",
    "mars_colony",
    "mars_colony",
    "asteroid_mining",
    "mars_colony"
  ],
  "origin": "branch_1773536114587"
}