{
  "economy": 25.601614936078867,
  "population": 2.4314909416448893,
  "technology": 998.247593076573,
  "energy": 823.8680614496495,
  "conflict": 7.040290826542494,
  "tech_tree": {
    "agriculture": 10,
    "industry": 10,
    "energy_tech": 13,
    "military": 11,
    "science": 11
  },
  "resources": {
    "food": 216.60771033908233,
    "minerals": 3314.0121844094165,
    "energy_source": -285.01360107837104
  },
  "geography": {
    "region": "mountain",
    "distance_bias": 0.5136547651628479
  },
  "alliances": [
    "branch_1773480740156",
    "branch_1773480740170",
    "branch_1773480740184",
    "branch_1773484554893",
    "branch_1773536079363",
    "branch_1773536114649",
    "branch_1773536179204"
  ],
  "space": [
    "mars_colony",
    "mars_colony",
    "asteroid_mining",
    "mars_colony",
    "asteroid_mining",
    "mars_colony"
  ],
  "origin": "branch_1773536087818"
}