{
  "economy": 0.31678452376842897,
  "population": 0.02992217343750001,
  "technology": 773.4672876427851,
  "energy": 1004.1533538696996,
  "conflict": 31.03311681249999,
  "tech_tree": {
    "agriculture": 10,
    "industry": 8,
    "energy_tech": 9,
    "military": 10,
    "science": 12
  },
  "resources": {
    "food": 780.3346462716961,
    "minerals": 4602.5968414031495,
    "energy_source": 3562.541786399723
  },
  "geography": {
    "region": "river",
    "distance_bias": 1.3091057639378068
  },
  "alliances": [
    "branch_1773480740184",
    "branch_1773480740170",
    "branch_1773480740156",
    "branch_1773536037380",
    "branch_1773536029304",
    "branch_1773536166473"
  ],
  "space": [
    "mars_colony",
    "orbital_solar",
    "asteroid_mining",
    "asteroid_mining",
    "mars_colony",
    "orbital_solar",
    "mars_colony",
    "orbital_solar",
    "orbital_solar",
    "mars_colony",
    "orbital_solar",
    "orbital_solar"
  ],
  "origin": "branch_1773536166621"
}