{
  "economy": 0.09514073617056462,
  "population": 0.002211442542135716,
  "technology": 532.7062923749276,
  "energy": 993.8341997316745,
  "conflict": 26.73908358862499,
  "tech_tree": {
    "agriculture": 9,
    "industry": 8,
    "energy_tech": 7,
    "military": 9,
    "science": 11
  },
  "resources": {
    "food": 1137.663789230933,
    "minerals": 4338.00340838874,
    "energy_source": 4123.6484566132
  },
  "geography": {
    "region": "river",
    "distance_bias": 1.3091057639378068
  },
  "alliances": [
    "branch_1773480740184",
    "branch_1773480740170",
    "branch_1773480740156",
    "branch_1773536029304",
    "branch_1773536062110",
    "branch_1773536096670",
    "branch_1773536062110",
    "branch_1773536133953"
  ],
  "space": [
    "mars_colony",
    "orbital_solar",
    "asteroid_mining",
    "asteroid_mining",
    "asteroid_mining",
    "mars_colony",
    "asteroid_mining",
    "asteroid_mining",
    "asteroid_mining",
    "orbital_solar",
    "asteroid_mining"
  ],
  "origin": "branch_1773536144154"
}