{
  "economy": 0.9652665573287672,
  "population": 0.19880534765625002,
  "technology": 869.7581131677053,
  "energy": 1552.8659370807407,
  "conflict": 29.62779344999999,
  "tech_tree": {
    "agriculture": 9,
    "industry": 8,
    "energy_tech": 7,
    "military": 9,
    "science": 11
  },
  "resources": {
    "food": 1137.663789230933,
    "minerals": 4738.00340838874,
    "energy_source": 4723.6484566132
  },
  "geography": {
    "region": "river",
    "distance_bias": 1.3091057639378068
  },
  "alliances": [
    "branch_1773480740184",
    "branch_1773480740170",
    "branch_1773480740156",
    "branch_1773536037366",
    "branch_1773536053589",
    "branch_1773536114649"
  ],
  "space": [
    "mars_colony",
    "orbital_solar",
    "asteroid_mining",
    "mars_colony",
    "mars_colony",
    "asteroid_mining",
    "asteroid_mining",
    "orbital_solar",
    "mars_colony",
    "orbital_solar",
    "mars_colony"
  ],
  "origin": "branch_1773536021120"
}