{
  "economy": 0.08883355384739929,
  "population": 0.002211442542135716,
  "technology": 690.6902663390604,
  "energy": 1552.8659370807413,
  "conflict": 28.14640377749999,
  "tech_tree": {
    "agriculture": 9,
    "industry": 8,
    "energy_tech": 7,
    "military": 9,
    "science": 11
  },
  "resources": {
    "food": 1137.663789230933,
    "minerals": 4738.00340838874,
    "energy_source": 4723.6484566132
  },
  "geography": {
    "region": "river",
    "distance_bias": 1.3091057639378068
  },
  "alliances": [
    "branch_1773480740184",
    "branch_1773480740170",
    "branch_1773480740156",
    "branch_1773536029304",
    "branch_1773536096660",
    "branch_1773536070721",
    "branch_1773536053581"
  ],
  "space": [
    "mars_colony",
    "orbital_solar",
    "asteroid_mining",
    "asteroid_mining",
    "asteroid_mining",
    "mars_colony",
    "asteroid_mining",
    "asteroid_mining",
    "asteroid_mining",
    "asteroid_mining",
    "orbital_solar"
  ],
  "origin": "branch_1773536166611"
}