{
  "economy": 0.8225329059944378,
  "population": 0.08946240644531252,
  "technology": 852.7040325173581,
  "energy": 1397.5793433726676,
  "conflict": 29.62779344999999,
  "tech_tree": {
    "agriculture": 9,
    "industry": 8,
    "energy_tech": 7,
    "military": 9,
    "science": 11
  },
  "resources": {
    "food": 1137.663789230933,
    "minerals": 4738.00340838874,
    "energy_source": 4723.6484566132
  },
  "geography": {
    "region": "river",
    "distance_bias": 1.3091057639378068
  },
  "alliances": [
    "branch_1773480740184",
    "branch_1773480740170",
    "branch_1773480740156",
    "branch_1773536029304",
    "branch_1773536045396",
    "branch_1773536114567"
  ],
  "space": [
    "mars_colony",
    "orbital_solar",
    "asteroid_mining",
    "asteroid_mining",
    "asteroid_mining",
    "mars_colony",
    "asteroid_mining",
    "asteroid_mining",
    "mars_colony",
    "orbital_solar",
    "mars_colony"
  ],
  "origin": "branch_1773536053581"
}