{
  "economy": 0.04477025024831649,
  "population": 0.003578496257812501,
  "technology": 337.53037417186044,
  "energy": 350.61117899947845,
  "conflict": 28.14640377749999,
  "tech_tree": {
    "agriculture": 9,
    "industry": 8,
    "energy_tech": 7,
    "military": 9,
    "science": 11
  },
  "resources": {
    "food": 1137.663789230933,
    "minerals": 3138.003408388741,
    "energy_source": 2923.648456613201
  },
  "geography": {
    "region": "river",
    "distance_bias": 1.3091057639378068
  },
  "alliances": [
    "branch_1773480740184",
    "branch_1773480740170",
    "branch_1773480740156",
    "branch_1773536037366",
    "branch_1773480602136",
    "branch_1773536087871",
    "branch_1773536114681"
  ],
  "space": [
    "mars_colony",
    "orbital_solar",
    "asteroid_mining",
    "mars_colony",
    "mars_colony",
    "mars_colony",
    "mars_colony",
    "orbital_solar",
    "asteroid_mining"
  ],
  "origin": "branch_1773536037380"
}