{
  "economy": 104.30611371372042,
  "population": 3.7615980898195107,
  "technology": 1060.8717117743884,
  "energy": 728.1130796729987,
  "conflict": 9.854351198992097,
  "tech_tree": {
    "agriculture": 14,
    "industry": 11,
    "energy_tech": 14,
    "military": 12,
    "science": 11
  },
  "resources": {
    "food": 137.59887112244525,
    "minerals": 3684.5952097045183,
    "energy_source": -1927.2861415662328
  },
  "geography": {
    "region": "mountain",
    "distance_bias": 0.5136547651628479
  },
  "alliances": [
    "branch_1773480740156",
    "branch_1773480740170",
    "branch_1773480740184",
    "branch_1773484554893",
    "branch_1773536105601",
    "branch_1773536133990"
  ],
  "space": [
    "mars_colony",
    "mars_colony",
    "asteroid_mining",
    "mars_colony",
    "mars_colony",
    "mars_colony",
    "asteroid_mining",
    "orbital_solar",
    "mars_colony"
  ],
  "origin": "branch_1773480602133"
}