{
  "planet_resources": {
    "food": 3579.3338246476055,
    "minerals": -310818.37016330374,
    "energy": -181923.88423982853
  }
}