{
  "economy": 2.3527775741107964,
  "population": 0.22980229200000007,
  "technology": 689.4310688754023,
  "energy": 427.8401402531868,
  "conflict": 29.48146097187499,
  "tech_tree": {
    "agriculture": 10,
    "industry": 8,
    "energy_tech": 9,
    "military": 10,
    "science": 12
  },
  "resources": {
    "food": 780.3346462716961,
    "minerals": 3202.5968414031495,
    "energy_source": 2362.541786399723
  },
  "geography": {
    "region": "river",
    "distance_bias": 1.3091057639378068
  },
  "alliances": [
    "branch_1773480740184",
    "branch_1773480740170",
    "branch_1773480740156",
    "branch_1773536037380",
    "branch_1773536029304",
    "branch_1773536037366",
    "branch_1773536133943"
  ],
  "space": [
    "mars_colony",
    "orbital_solar",
    "asteroid_mining",
    "asteroid_mining",
    "mars_colony",
    "orbital_solar",
    "mars_colony",
    "asteroid_mining",
    "asteroid_mining"
  ],
  "origin": "branch_1773536045396"
}