{
  "economy": 4.7125687472368725,
  "population": 0.31814995937500007,
  "technology": 806.6218167273885,
  "energy": 596.1825104785937,
  "conflict": 32.18653137263631,
  "tech_tree": {
    "agriculture": 10,
    "industry": 8,
    "energy_tech": 9,
    "military": 13,
    "science": 12
  },
  "resources": {
    "food": 677.8208087738547,
    "minerals": 3809.8037465755497,
    "energy_source": 2360.9744901548165
  },
  "geography": {
    "region": "river",
    "distance_bias": 1.3091057639378068
  },
  "alliances": [
    "branch_1773480740184",
    "branch_1773480740170",
    "branch_1773480740156",
    "branch_1773536037380",
    "branch_1773536062101",
    "branch_1773536070732",
    "branch_1773536124223",
    "branch_1773536124183",
    "branch_1773536143967",
    "branch_1773536105638"
  ],
  "space": [
    "mars_colony",
    "orbital_solar",
    "asteroid_mining",
    "asteroid_mining",
    "mars_colony",
    "asteroid_mining",
    "mars_colony",
    "asteroid_mining",
    "asteroid_mining",
    "mars_colony",
    "asteroid_mining"
  ],
  "origin": "branch_1773536105566"
}