{
  "economy": 3.5933737657539835,
  "population": 0.16716824510156256,
  "technology": 394.1844512421854,
  "energy": 148.76421669220184,
  "conflict": 25.589590423281237,
  "tech_tree": {
    "agriculture": 11,
    "industry": 8,
    "energy_tech": 11,
    "military": 14,
    "science": 12
  },
  "resources": {
    "food": 621.6457458639674,
    "minerals": 2008.7051652930213,
    "energy_source": 84.34481459082929
  },
  "geography": {
    "region": "river",
    "distance_bias": 1.3091057639378068
  },
  "alliances": [
    "branch_1773480740184",
    "branch_1773480740170",
    "branch_1773480740156",
    "branch_1773536037380",
    "branch_1773536062101",
    "branch_1773536087818",
    "branch_1773536166575",
    "branch_1773536178948"
  ],
  "space": [
    "mars_colony",
    "orbital_solar",
    "asteroid_mining",
    "asteroid_mining",
    "mars_colony",
    "orbital_solar",
    "mars_colony",
    "mars_colony",
    "asteroid_mining"
  ],
  "origin": "branch_1773536166380"
}