{
  "economy": 6.473638611993259,
  "population": 0.5153034611250001,
  "technology": 631.9914975656427,
  "energy": 533.2357768608315,
  "conflict": 31.187150999999993,
  "tech_tree": {
    "agriculture": 9,
    "industry": 8,
    "energy_tech": 7,
    "military": 9,
    "science": 11
  },
  "resources": {
    "food": 1137.663789230933,
    "minerals": 4338.00340838874,
    "energy_source": 3823.648456613201
  },
  "geography": {
    "region": "river",
    "distance_bias": 1.3091057639378068
  },
  "alliances": [
    "branch_1773480740184",
    "branch_1773480740170",
    "branch_1773480740156",
    "branch_1773536114704",
    "branch_1773536144129"
  ],
  "space": [
    "mars_colony",
    "orbital_solar",
    "asteroid_mining",
    "asteroid_mining",
    "asteroid_mining",
    "mars_colony",
    "orbital_solar",
    "asteroid_mining",
    "orbital_solar",
    "mars_colony",
    "asteroid_mining",
    "asteroid_mining"
  ],
  "origin": "branch_1773484546700"
}