{
  "economy": 0.002828008793185443,
  "population": 0.0002544708450000001,
  "technology": 281.44076787565433,
  "energy": 326.5943132380141,
  "conflict": 26.73908358862499,
  "tech_tree": {
    "agriculture": 9,
    "industry": 8,
    "energy_tech": 7,
    "military": 9,
    "science": 11
  },
  "resources": {
    "food": 1137.663789230933,
    "minerals": 3538.003408388741,
    "energy_source": 3223.648456613201
  },
  "geography": {
    "region": "river",
    "distance_bias": 1.3091057639378068
  },
  "alliances": [
    "branch_1773480740184",
    "branch_1773480740170",
    "branch_1773480740156",
    "branch_1773536037366",
    "branch_1773480602136",
    "branch_1773536021120",
    "branch_1773480602133",
    "branch_1773536096717"
  ],
  "space": [
    "mars_colony",
    "orbital_solar",
    "asteroid_mining",
    "mars_colony",
    "mars_colony",
    "orbital_solar",
    "mars_colony",
    "asteroid_mining",
    "mars_colony",
    "orbital_solar"
  ],
  "origin": "branch_1773536105601"
}