{
  "economy": 0.01850699038487484,
  "population": 0.0008387100604248049,
  "technology": 514.8001985135854,
  "energy": 875.0061975898437,
  "conflict": 31.187150999999993,
  "tech_tree": {
    "agriculture": 9,
    "industry": 8,
    "energy_tech": 7,
    "military": 9,
    "science": 11
  },
  "resources": {
    "food": 1137.663789230933,
    "minerals": 4138.00340838874,
    "energy_source": 4123.6484566132
  },
  "geography": {
    "region": "river",
    "distance_bias": 1.3091057639378068
  },
  "alliances": [
    "branch_1773480740184",
    "branch_1773480740170",
    "branch_1773480740156",
    "branch_1773536062068",
    "branch_1773536166380"
  ],
  "space": [
    "mars_colony",
    "orbital_solar",
    "asteroid_mining",
    "asteroid_mining",
    "asteroid_mining",
    "mars_colony",
    "asteroid_mining",
    "orbital_solar",
    "orbital_solar",
    "asteroid_mining"
  ],
  "origin": "branch_1773536166575"
}