{
  "economy": 95.42118021923098,
  "population": 3.4490384337131705,
  "technology": 1409.9090540430686,
  "energy": 1151.8614876930399,
  "conflict": 7.040290826542494,
  "tech_tree": {
    "agriculture": 11,
    "industry": 11,
    "energy_tech": 14,
    "military": 11,
    "science": 11
  },
  "resources": {
    "food": 177.4989550370994,
    "minerals": 3464.951657978598,
    "energy_source": -709.5086115099671
  },
  "geography": {
    "region": "mountain",
    "distance_bias": 0.5136547651628479
  },
  "alliances": [
    "branch_1773480740156",
    "branch_1773480740170",
    "branch_1773480740184",
    "branch_1773484554893",
    "branch_1773536105601",
    "branch_1773536062119",
    "branch_1773536124287"
  ],
  "space": [
    "mars_colony",
    "mars_colony",
    "asteroid_mining",
    "mars_colony",
    "mars_colony",
    "orbital_solar"
  ],
  "origin": "branch_1773480602133"
}