{
  "economy": 1.5947681139081933,
  "population": 0.034782983625937514,
  "technology": 767.272437577056,
  "energy": 674.8765300894901,
  "conflict": 25.40212940919374,
  "tech_tree": {
    "agriculture": 9,
    "industry": 8,
    "energy_tech": 7,
    "military": 9,
    "science": 11
  },
  "resources": {
    "food": 1137.663789230933,
    "minerals": 4738.00340838874,
    "energy_source": 4423.6484566132
  },
  "geography": {
    "region": "river",
    "distance_bias": 1.3091057639378068
  },
  "alliances": [
    "branch_1773480740184",
    "branch_1773480740170",
    "branch_1773480740156",
    "branch_1773536029304",
    "branch_1773480602136",
    "branch_1773536062068",
    "branch_1773536053590",
    "branch_1773484554893",
    "branch_1773536124294"
  ],
  "space": [
    "mars_colony",
    "orbital_solar",
    "asteroid_mining",
    "asteroid_mining",
    "asteroid_mining",
    "mars_colony",
    "mars_colony",
    "mars_colony",
    "mars_colony",
    "asteroid_mining",
    "orbital_solar",
    "mars_colony"
  ],
  "origin": "branch_1773536045388"
}