{
  "economy": 0.25750741825497314,
  "population": 0.03727600268554688,
  "technology": 1044.7818857244852,
  "energy": 2790.305980691955,
  "conflict": 31.187150999999993,
  "tech_tree": {
    "agriculture": 9,
    "industry": 8,
    "energy_tech": 7,
    "military": 9,
    "science": 11
  },
  "resources": {
    "food": 1137.663789230933,
    "minerals": 5538.00340838874,
    "energy_source": 5623.6484566132
  },
  "geography": {
    "region": "river",
    "distance_bias": 1.3091057639378068
  },
  "alliances": [
    "branch_1773480740184",
    "branch_1773480740170",
    "branch_1773480740156",
    "branch_1773536037366",
    "branch_1773536053589"
  ],
  "space": [
    "mars_colony",
    "orbital_solar",
    "asteroid_mining",
    "mars_colony",
    "mars_colony",
    "asteroid_mining",
    "asteroid_mining",
    "orbital_solar",
    "mars_colony",
    "orbital_solar",
    "orbital_solar",
    "asteroid_mining"
  ],
  "origin": "branch_1773536133904"
}