{
  "economy": 0.6665066248956732,
  "population": 0.07159001036593757,
  "technology": 263.89789624781315,
  "energy": 218.8395735682853,
  "conflict": 12.168069749999997,
  "tech_tree": {
    "agriculture": 10,
    "industry": 13,
    "energy_tech": 10,
    "military": 14,
    "science": 14
  },
  "resources": {
    "food": 4594.349982728963,
    "minerals": 1111.490713697109,
    "energy_source": 1353.6187198962734
  },
  "geography": {
    "region": "river",
    "distance_bias": 0.7195642621736607
  },
  "alliances": [
    "branch_1773480602136",
    "branch_1773480740184",
    "branch_1773480602133",
    "branch_1773480740156"
  ],
  "space": [
    "orbital_solar",
    "mars_colony"
  ],
  "origin": "branch_1773536179605"
}