{
  "economy": 0.6432678106520444,
  "population": 0.01811613730517579,
  "technology": 644.7667542664337,
  "energy": 724.5051316043908,
  "conflict": 24.132022938734053,
  "tech_tree": {
    "agriculture": 9,
    "industry": 8,
    "energy_tech": 7,
    "military": 9,
    "science": 11
  },
  "resources": {
    "food": 1137.663789230933,
    "minerals": 4338.00340838874,
    "energy_source": 4123.6484566132
  },
  "geography": {
    "region": "river",
    "distance_bias": 1.3091057639378068
  },
  "alliances": [
    "branch_1773480740184",
    "branch_1773480740170",
    "branch_1773480740156",
    "branch_1773536029304",
    "branch_1773480602136",
    "branch_1773536062068",
    "branch_1773536053590",
    "branch_1773484554893",
    "branch_1773536124294",
    "branch_1773536105566"
  ],
  "space": [
    "mars_colony",
    "orbital_solar",
    "asteroid_mining",
    "asteroid_mining",
    "asteroid_mining",
    "mars_colony",
    "mars_colony",
    "mars_colony",
    "mars_colony",
    "asteroid_mining",
    "orbital_solar"
  ],
  "origin": "branch_1773536062101"
}