{
  "economy": 0.2344218782084147,
  "population": 0.012580650906372073,
  "technology": 504.6000685563393,
  "energy": 715.5606238068057,
  "conflict": 29.62779344999999,
  "tech_tree": {
    "agriculture": 9,
    "industry": 8,
    "energy_tech": 7,
    "military": 9,
    "science": 11
  },
  "resources": {
    "food": 1137.663789230933,
    "minerals": 4138.00340838874,
    "energy_source": 3823.648456613201
  },
  "geography": {
    "region": "river",
    "distance_bias": 1.3091057639378068
  },
  "alliances": [
    "branch_1773480740184",
    "branch_1773480740170",
    "branch_1773480740156",
    "branch_1773480602133",
    "branch_1773536053566",
    "branch_1773536114704"
  ],
  "space": [
    "mars_colony",
    "orbital_solar",
    "asteroid_mining",
    "mars_colony",
    "asteroid_mining",
    "orbital_solar",
    "mars_colony",
    "asteroid_mining",
    "mars_colony",
    "asteroid_mining",
    "mars_colony"
  ],
  "origin": "branch_1773536154736"
}