{
  "economy": 0.17744368898418467,
  "population": 0.013419360966796879,
  "technology": 333.4967312079009,
  "energy": 294.569358537684,
  "conflict": 24.132022938734053,
  "tech_tree": {
    "agriculture": 9,
    "industry": 8,
    "energy_tech": 7,
    "military": 9,
    "science": 11
  },
  "resources": {
    "food": 1137.663789230933,
    "minerals": 2338.003408388741,
    "energy_source": 2323.648456613201
  },
  "geography": {
    "region": "river",
    "distance_bias": 1.3091057639378068
  },
  "alliances": [
    "branch_1773480740184",
    "branch_1773480740170",
    "branch_1773480740156",
    "branch_1773536029295",
    "branch_1773536045388",
    "branch_1773536045396",
    "branch_1773536062119",
    "branch_1773536062098",
    "branch_1773536096731",
    "branch_1773536166514"
  ],
  "space": [
    "mars_colony",
    "orbital_solar",
    "asteroid_mining",
    "mars_colony",
    "asteroid_mining",
    "orbital_solar",
    "asteroid_mining"
  ],
  "origin": "branch_1773536029304"
}