{
  "economy": 0.19298034319561333,
  "population": 0.010735488773437503,
  "technology": 580.2900788397902,
  "energy": 724.5051316043906,
  "conflict": 24.132022938734053,
  "tech_tree": {
    "agriculture": 9,
    "industry": 8,
    "energy_tech": 7,
    "military": 9,
    "science": 11
  },
  "resources": {
    "food": 1137.663789230933,
    "minerals": 4338.00340838874,
    "energy_source": 4123.6484566132
  },
  "geography": {
    "region": "river",
    "distance_bias": 1.3091057639378068
  },
  "alliances": [
    "branch_1773480740184",
    "branch_1773480740170",
    "branch_1773480740156",
    "branch_1773536029304",
    "branch_1773536062101",
    "branch_1773480740156",
    "branch_1773536070721",
    "branch_1773536070731",
    "branch_1773536096660",
    "branch_1773536114595"
  ],
  "space": [
    "mars_colony",
    "orbital_solar",
    "asteroid_mining",
    "asteroid_mining",
    "asteroid_mining",
    "orbital_solar",
    "asteroid_mining",
    "orbital_solar",
    "asteroid_mining",
    "asteroid_mining",
    "asteroid_mining"
  ],
  "origin": "branch_1773536053590"
}