{
  "economy": 3.3032483858560027,
  "population": 0.21543964875000005,
  "technology": 722.0399893979184,
  "energy": 578.392331828947,
  "conflict": 24.01283422072325,
  "tech_tree": {
    "agriculture": 10,
    "industry": 8,
    "energy_tech": 9,
    "military": 10,
    "science": 12
  },
  "resources": {
    "food": 780.3346462716961,
    "minerals": 4202.5968414031495,
    "energy_source": 2962.541786399723
  },
  "geography": {
    "region": "river",
    "distance_bias": 1.3091057639378068
  },
  "alliances": [
    "branch_1773480740184",
    "branch_1773480740170",
    "branch_1773480740156",
    "branch_1773536037380",
    "branch_1773536029304",
    "branch_1773536053581",
    "branch_1773536029304",
    "branch_1773536096672",
    "branch_1773536114657",
    "branch_1773536166459",
    "branch_1773536166647"
  ],
  "space": [
    "mars_colony",
    "orbital_solar",
    "asteroid_mining",
    "asteroid_mining",
    "mars_colony",
    "orbital_solar",
    "mars_colony",
    "orbital_solar",
    "orbital_solar",
    "mars_colony",
    "mars_colony",
    "orbital_solar"
  ],
  "origin": "branch_1773536045396"
}