{
  "economy": 30.057671769057755,
  "population": 1.5329059705391868,
  "technology": 1498.309999254306,
  "energy": 1751.8373400951518,
  "conflict": 7.040290826542494,
  "tech_tree": {
    "agriculture": 11,
    "industry": 11,
    "energy_tech": 14,
    "military": 11,
    "science": 11
  },
  "resources": {
    "food": 177.4989550370994,
    "minerals": 4664.951657978598,
    "energy_source": 190.49138849003293
  },
  "geography": {
    "region": "mountain",
    "distance_bias": 0.5136547651628479
  },
  "alliances": [
    "branch_1773480740156",
    "branch_1773480740170",
    "branch_1773480740184",
    "branch_1773484554893",
    "branch_1773536105601",
    "branch_1773536114658",
    "branch_1773536154810"
  ],
  "space": [
    "mars_colony",
    "mars_colony",
    "asteroid_mining",
    "mars_colony",
    "mars_colony",
    "orbital_solar",
    "orbital_solar",
    "asteroid_mining",
    "mars_colony"
  ],
  "origin": "branch_1773536114567"
}