{
  "economy": 0.09121768966756844,
  "population": 0.003931453408241273,
  "technology": 472.48732019341395,
  "energy": 795.0673597853395,
  "conflict": 29.62779344999999,
  "tech_tree": {
    "agriculture": 9,
    "industry": 8,
    "energy_tech": 7,
    "military": 9,
    "science": 11
  },
  "resources": {
    "food": 1137.663789230933,
    "minerals": 4138.00340838874,
    "energy_source": 3823.648456613201
  },
  "geography": {
    "region": "river",
    "distance_bias": 1.3091057639378068
  },
  "alliances": [
    "branch_1773480740184",
    "branch_1773480740170",
    "branch_1773480740156",
    "branch_1773480602133",
    "branch_1773536053566",
    "branch_1773536096670"
  ],
  "space": [
    "mars_colony",
    "orbital_solar",
    "asteroid_mining",
    "mars_colony",
    "asteroid_mining",
    "orbital_solar",
    "mars_colony",
    "asteroid_mining",
    "mars_colony",
    "asteroid_mining",
    "asteroid_mining"
  ],
  "origin": "branch_1773536114649"
}