{
  "economy": 0.2972923547270402,
  "population": 0.017953304062500005,
  "technology": 557.002277535537,
  "energy": 502.9498537643018,
  "conflict": 24.01283422072325,
  "tech_tree": {
    "agriculture": 10,
    "industry": 8,
    "energy_tech": 9,
    "military": 10,
    "science": 12
  },
  "resources": {
    "food": 780.3346462716961,
    "minerals": 3802.5968414031495,
    "energy_source": 2662.541786399723
  },
  "geography": {
    "region": "river",
    "distance_bias": 1.3091057639378068
  },
  "alliances": [
    "branch_1773480740184",
    "branch_1773480740170",
    "branch_1773480740156",
    "branch_1773536037380",
    "branch_1773536029304",
    "branch_1773536053581",
    "branch_1773536029304",
    "branch_1773536096672",
    "branch_1773536114657",
    "branch_1773536144112",
    "branch_1773536179099"
  ],
  "space": [
    "mars_colony",
    "orbital_solar",
    "asteroid_mining",
    "asteroid_mining",
    "mars_colony",
    "orbital_solar",
    "mars_colony",
    "orbital_solar",
    "orbital_solar",
    "mars_colony",
    "mars_colony"
  ],
  "origin": "branch_1773536166623"
}