{
  "economy": 0.011090230561511538,
  "population": 0.0016964723000000006,
  "technology": 375.11253768259274,
  "energy": 428.7364960591446,
  "conflict": 26.73908358862499,
  "tech_tree": {
    "agriculture": 9,
    "industry": 8,
    "energy_tech": 7,
    "military": 9,
    "science": 11
  },
  "resources": {
    "food": 1137.663789230933,
    "minerals": 3138.003408388741,
    "energy_source": 3223.648456613201
  },
  "geography": {
    "region": "river",
    "distance_bias": 1.3091057639378068
  },
  "alliances": [
    "branch_1773480740184",
    "branch_1773480740170",
    "branch_1773480740156",
    "branch_1773536037366",
    "branch_1773480602136",
    "branch_1773536053590",
    "branch_1773536114689",
    "branch_1773536133953"
  ],
  "space": [
    "mars_colony",
    "orbital_solar",
    "asteroid_mining",
    "mars_colony",
    "mars_colony",
    "asteroid_mining",
    "asteroid_mining",
    "orbital_solar"
  ],
  "origin": "branch_1773536053589"
}