{
  "economy": 1.706566258514682,
  "population": 0.09949383936000003,
  "technology": 614.8149291925444,
  "energy": 298.8708660035349,
  "conflict": 33.05729344999999,
  "tech_tree": {
    "agriculture": 10,
    "industry": 8,
    "energy_tech": 9,
    "military": 12,
    "science": 12
  },
  "resources": {
    "food": 703.0174150909318,
    "minerals": 2674.3997431361868,
    "energy_source": 1631.89463060646
  },
  "geography": {
    "region": "river",
    "distance_bias": 1.3091057639378068
  },
  "alliances": [
    "branch_1773480740184",
    "branch_1773480740170",
    "branch_1773480740156",
    "branch_1773536037380",
    "branch_1773480740184",
    "branch_1773536096731"
  ],
  "space": [
    "mars_colony",
    "orbital_solar",
    "asteroid_mining",
    "asteroid_mining",
    "mars_colony",
    "orbital_solar",
    "mars_colony",
    "asteroid_mining"
  ],
  "origin": "branch_1773536096672"
}