{
  "economy": 0.3101401448697327,
  "population": 0.020967751510620122,
  "technology": 434.77094105674166,
  "energy": 553.0903372419752,
  "conflict": 28.14640377749999,
  "tech_tree": {
    "agriculture": 9,
    "industry": 8,
    "energy_tech": 7,
    "military": 9,
    "science": 11
  },
  "resources": {
    "food": 1137.663789230933,
    "minerals": 3538.003408388741,
    "energy_source": 3223.648456613201
  },
  "geography": {
    "region": "river",
    "distance_bias": 1.3091057639378068
  },
  "alliances": [
    "branch_1773480740184",
    "branch_1773480740170",
    "branch_1773480740156",
    "branch_1773480602133",
    "branch_1773536053566",
    "branch_1773536096670",
    "branch_1773536124197"
  ],
  "space": [
    "mars_colony",
    "orbital_solar",
    "asteroid_mining",
    "mars_colony",
    "asteroid_mining",
    "orbital_solar",
    "mars_colony",
    "asteroid_mining",
    "mars_colony",
    "asteroid_mining"
  ],
  "origin": "branch_1773536105582"
}