{
  "economy": 0.058069648116198726,
  "population": 0.0018870976359558111,
  "technology": 490.87197845590947,
  "energy": 851.6960324860504,
  "conflict": 28.14640377749999,
  "tech_tree": {
    "agriculture": 9,
    "industry": 8,
    "energy_tech": 7,
    "military": 9,
    "science": 11
  },
  "resources": {
    "food": 1137.663789230933,
    "minerals": 4938.00340838874,
    "energy_source": 4423.6484566132
  },
  "geography": {
    "region": "river",
    "distance_bias": 1.3091057639378068
  },
  "alliances": [
    "branch_1773480740184",
    "branch_1773480740170",
    "branch_1773480740156",
    "branch_1773480602133",
    "branch_1773536053566",
    "branch_1773536144065",
    "branch_1773536166411"
  ],
  "space": [
    "mars_colony",
    "orbital_solar",
    "asteroid_mining",
    "mars_colony",
    "asteroid_mining",
    "orbital_solar",
    "mars_colony",
    "asteroid_mining",
    "mars_colony",
    "mars_colony",
    "asteroid_mining",
    "orbital_solar",
    "mars_colony"
  ],
  "origin": "branch_1773536124221"
}