{
  "economy": 1.1087458331895015,
  "population": 0.08976652031250003,
  "technology": 920.4260722949143,
  "energy": 1154.7763569501544,
  "conflict": 31.03311681249999,
  "tech_tree": {
    "agriculture": 10,
    "industry": 8,
    "energy_tech": 9,
    "military": 10,
    "science": 12
  },
  "resources": {
    "food": 780.3346462716961,
    "minerals": 5002.5968414031495,
    "energy_source": 3862.541786399723
  },
  "geography": {
    "region": "river",
    "distance_bias": 1.3091057639378068
  },
  "alliances": [
    "branch_1773480740184",
    "branch_1773480740170",
    "branch_1773480740156",
    "branch_1773536037380",
    "branch_1773536029304",
    "branch_1773536178983"
  ],
  "space": [
    "mars_colony",
    "orbital_solar",
    "asteroid_mining",
    "asteroid_mining",
    "mars_colony",
    "orbital_solar",
    "mars_colony",
    "orbital_solar",
    "orbital_solar",
    "mars_colony",
    "orbital_solar",
    "asteroid_mining",
    "mars_colony"
  ],
  "origin": "branch_1773536079398"
}