{
  "economy": 3.4508118057563073,
  "population": 0.20197467070312505,
  "technology": 871.8632871979864,
  "energy": 923.8210855601235,
  "conflict": 32.66643874999999,
  "tech_tree": {
    "agriculture": 10,
    "industry": 8,
    "energy_tech": 9,
    "military": 10,
    "science": 12
  },
  "resources": {
    "food": 780.3346462716961,
    "minerals": 4802.5968414031495,
    "energy_source": 3562.541786399723
  },
  "geography": {
    "region": "river",
    "distance_bias": 1.3091057639378068
  },
  "alliances": [
    "branch_1773480740184",
    "branch_1773480740170",
    "branch_1773480740156",
    "branch_1773536037380",
    "branch_1773536029304"
  ],
  "space": [
    "mars_colony",
    "orbital_solar",
    "asteroid_mining",
    "asteroid_mining",
    "mars_colony",
    "orbital_solar",
    "mars_colony",
    "orbital_solar",
    "orbital_solar",
    "mars_colony",
    "orbital_solar",
    "asteroid_mining",
    "asteroid_mining"
  ],
  "origin": "branch_1773536045396"
}