{
  "economy": 0.04756142653709332,
  "population": 0.003578496257812501,
  "technology": 549.7887548737509,
  "energy": 787.5055778308594,
  "conflict": 31.187150999999993,
  "tech_tree": {
    "agriculture": 9,
    "industry": 8,
    "energy_tech": 7,
    "military": 9,
    "science": 11
  },
  "resources": {
    "food": 1137.663789230933,
    "minerals": 4138.00340838874,
    "energy_source": 4123.6484566132
  },
  "geography": {
    "region": "river",
    "distance_bias": 1.3091057639378068
  },
  "alliances": [
    "branch_1773480740184",
    "branch_1773480740170",
    "branch_1773480740156",
    "branch_1773536062068",
    "branch_1773536143979"
  ],
  "space": [
    "mars_colony",
    "orbital_solar",
    "asteroid_mining",
    "asteroid_mining",
    "asteroid_mining",
    "mars_colony",
    "asteroid_mining",
    "orbital_solar",
    "orbital_solar",
    "asteroid_mining"
  ],
  "origin": "branch_1773536070732"
}