{
  "economy": 0.017978219231021275,
  "population": 0.0008387100604248049,
  "technology": 460.81859201983355,
  "energy": 805.0057017826563,
  "conflict": 29.62779344999999,
  "tech_tree": {
    "agriculture": 9,
    "industry": 8,
    "energy_tech": 7,
    "military": 9,
    "science": 11
  },
  "resources": {
    "food": 1137.663789230933,
    "minerals": 4338.00340838874,
    "energy_source": 4123.6484566132
  },
  "geography": {
    "region": "river",
    "distance_bias": 1.3091057639378068
  },
  "alliances": [
    "branch_1773480740184",
    "branch_1773480740170",
    "branch_1773480740156",
    "branch_1773536062068",
    "branch_1773536134022",
    "branch_1773536166429"
  ],
  "space": [
    "mars_colony",
    "orbital_solar",
    "asteroid_mining",
    "asteroid_mining",
    "asteroid_mining",
    "mars_colony",
    "asteroid_mining",
    "orbital_solar",
    "orbital_solar",
    "mars_colony",
    "mars_colony"
  ],
  "origin": "branch_1773536133975"
}