{
  "economy": 3.251213510421492,
  "population": 0.34546472000000006,
  "technology": 932.6507140066378,
  "energy": 847.1723257237545,
  "conflict": 28.342496971693734,
  "tech_tree": {
    "agriculture": 10,
    "industry": 8,
    "energy_tech": 9,
    "military": 12,
    "science": 12
  },
  "resources": {
    "food": 703.0174150909318,
    "minerals": 3874.3997431361868,
    "energy_source": 2831.89463060646
  },
  "geography": {
    "region": "river",
    "distance_bias": 1.3091057639378068
  },
  "alliances": [
    "branch_1773480740184",
    "branch_1773480740170",
    "branch_1773480740156",
    "branch_1773536037380",
    "branch_1773536029304",
    "branch_1773536053581",
    "branch_1773480740184",
    "branch_1773536114595",
    "branch_1773536166473"
  ],
  "space": [
    "mars_colony",
    "orbital_solar",
    "asteroid_mining",
    "asteroid_mining",
    "mars_colony",
    "orbital_solar",
    "orbital_solar",
    "mars_colony",
    "mars_colony",
    "mars_colony"
  ],
  "origin": "branch_1773536062098"
}