{
  "economy": 0.020217406436244974,
  "population": 0.0014910401074218753,
  "technology": 729.1617141741459,
  "energy": 1572.2767612942505,
  "conflict": 28.14640377749999,
  "tech_tree": {
    "agriculture": 9,
    "industry": 8,
    "energy_tech": 7,
    "military": 9,
    "science": 11
  },
  "resources": {
    "food": 1137.663789230933,
    "minerals": 4938.00340838874,
    "energy_source": 5023.6484566132
  },
  "geography": {
    "region": "river",
    "distance_bias": 1.3091057639378068
  },
  "alliances": [
    "branch_1773480740184",
    "branch_1773480740170",
    "branch_1773480740156",
    "branch_1773536062068",
    "branch_1773536114616",
    "branch_1773536124279",
    "branch_1773536134022"
  ],
  "space": [
    "mars_colony",
    "orbital_solar",
    "asteroid_mining",
    "asteroid_mining",
    "asteroid_mining",
    "mars_colony",
    "asteroid_mining",
    "orbital_solar",
    "orbital_solar",
    "mars_colony",
    "asteroid_mining"
  ],
  "origin": "branch_1773536133975"
}