{
  "economy": 2.9767857550274885,
  "population": 0.33548402416992196,
  "technology": 707.0172529200343,
  "energy": 1209.1980708135277,
  "conflict": 28.14640377749999,
  "tech_tree": {
    "agriculture": 9,
    "industry": 8,
    "energy_tech": 7,
    "military": 9,
    "science": 11
  },
  "resources": {
    "food": 1137.663789230933,
    "minerals": 5338.00340838874,
    "energy_source": 4723.6484566132
  },
  "geography": {
    "region": "river",
    "distance_bias": 1.3091057639378068
  },
  "alliances": [
    "branch_1773480740184",
    "branch_1773480740170",
    "branch_1773480740156",
    "branch_1773480602133",
    "branch_1773536062101",
    "branch_1773480740170",
    "branch_1773536179496"
  ],
  "space": [
    "mars_colony",
    "orbital_solar",
    "asteroid_mining",
    "mars_colony",
    "asteroid_mining",
    "orbital_solar",
    "mars_colony",
    "asteroid_mining",
    "mars_colony",
    "mars_colony",
    "mars_colony",
    "asteroid_mining",
    "mars_colony",
    "mars_colony"
  ],
  "origin": "branch_1773484554893"
}