{
  "economy": 0.21821962502613626,
  "population": 0.01006452072509766,
  "technology": 501.27638815660526,
  "energy": 529.304316122401,
  "conflict": 26.73908358862499,
  "tech_tree": {
    "agriculture": 9,
    "industry": 8,
    "energy_tech": 7,
    "military": 9,
    "science": 11
  },
  "resources": {
    "food": 1137.663789230933,
    "minerals": 3138.003408388741,
    "energy_source": 3223.648456613201
  },
  "geography": {
    "region": "river",
    "distance_bias": 1.3091057639378068
  },
  "alliances": [
    "branch_1773480740184",
    "branch_1773480740170",
    "branch_1773480740156",
    "branch_1773536029304",
    "branch_1773536062110",
    "branch_1773536105566",
    "branch_1773536143990",
    "branch_1773536179449"
  ],
  "space": [
    "mars_colony",
    "orbital_solar",
    "asteroid_mining",
    "asteroid_mining",
    "asteroid_mining",
    "orbital_solar",
    "orbital_solar",
    "orbital_solar"
  ],
  "origin": "branch_1773536124223"
}