{
  "economy": 0.3080747647427806,
  "population": 0.015725813632965092,
  "technology": 767.4336292656226,
  "energy": 1552.8659370807416,
  "conflict": 25.40212940919374,
  "tech_tree": {
    "agriculture": 9,
    "industry": 8,
    "energy_tech": 7,
    "military": 9,
    "science": 11
  },
  "resources": {
    "food": 1137.663789230933,
    