{
  "economy": 0.012540686344066243,
  "population": 0.0008946240644531252,
  "technology": 258.9747116408137,
  "energy": 280.4889431995827,
  "conflict": 29.62779344999999,
  "tech_tree": {
    "agriculture": 9,
    "industry": 8,
    "energy_tech": 7,
    "military": 9,
    "science": 11
  },
  "resources": {
    "food": 1137.663789230933,
    "minerals": 2938.003408388741,
    "energy_source": 2623.648456613201
  },
  "geography": {
    "region": "river",
    "distance_bias": 1.3091057639378068
  },
  "alliances": [
    "branch_1773480740184",
    "branch_1773480740170",
    "branch_1773480740156",
    "branch_1773536037366",
    "branch_1773480602136",
    "branch_1773536021120"
  ],
  "space": [
    "mars_colony",
    "orbital_solar",
    "asteroid_mining",
    "mars_colony",
    "mars_colony",
    "orbital_solar",
    "mars_colony",
    "asteroid_mining",
    "mars_colony"
  ],
  "origin": "branch_1773536053589"
}