{
  "economy": 0.027788014401840148,
  "population": 0.001832190084000001,
  "technology": 578.7673862661001,
  "energy": 624.0125719985836,
  "conflict": 24.132022938734053,
  "tech_tree": {
    "agriculture": 9,
    "industry": 8,
    "energy_tech": 7,
    "military": 9,
    "science": 11
  },
  "resources": {
    "food": 1137.663789230933,
    "minerals": 3938.003408388741,
    "energy_source": 4123.6484566132
  },
  "geography": {
    "region": "river",
    "distance_bias": 1.3091057639378068
  },
  "alliances": [
    "branch_1773480740184",
    "branch_1773480740170",
    "branch_1773480740156",
    "branch_1773536029295",
    "branch_1773536045388",
    "branch_1773536045396",
    "branch_1773536105582",
    "branch_1773480740156",
    "branch_1773536154669",
    "branch_1773536179121"
  ],
  "space": [
    "mars_colony",
    "orbital_solar",
    "asteroid_mining",
    "mars_colony",
    "mars_colony",
    "asteroid_mining",
    "asteroid_mining",
    "orbital_solar",
    "mars_colony"
  ],
  "origin": "branch_1773536070720"
}