{
  "economy": 88.8665751349193,
  "population": 3.0628910863316636,
  "technology": 1035.633979745381,
  "energy": 685.2524406697729,
  "conflict": 6.688276285215369,
  "tech_tree": {
    "agriculture": 10,
    "industry": 11,
    "energy_tech": 13,
    "military": 11,
    "science": 11
  },
  "resources": {
    "food": 202.08733778165814,
    "minerals": 2835.0457466933167,
    "energy_source": -949.5881738715198
  },
  "geography": {
    "region": "mountain",
    "distance_bias": 0.5136547651628479
  },
  "alliances": [
    "branch_1773480740156",
    "branch_1773480740170",
    "branch_1773480740184",
    "branch_1773484554893",
    "branch_1773536045388",
    "branch_1773536105610",
    "branch_1773480740170",
    "branch_1773536114673"
  ],
  "space": [
    "mars_colony",
    "mars_colony",
    "asteroid_mining",
    "mars_colony",
    "asteroid_mining"
  ],
  "origin": "branch_1773480602133"
}