{
  "economy": 0.05167048689062548,
  "population": 0.0028627970062500008,
  "technology": 486.3840060814556,
  "energy": 599.8902489684353,
  "conflict": 24.132022938734053,
  "tech_tree": {
    "agriculture": 9,
    "industry": 8,
    "energy_tech": 7,
    "military": 9,
    "science": 11
  },
  "resources": {
    "food": 1137.663789230933,
    "minerals": 4538.00340838874,
    "energy_source": 4123.6484566132
  },
  "geography": {
    "region": "river",
    "distance_bias": 1.3091057639378068
  },
  "alliances": [
    "branch_1773480740184",
    "branch_1773480740170",
    "branch_1773480740156",
    "branch_1773536029304",
    "branch_1773536062101",
    "branch_1773480740156",
    "branch_1773536070721",
    "branch_1773536070731",
    "branch_1773536096660",
    "branch_1773536045408"
  ],
  "space": [
    "mars_colony",
    "orbital_solar",
    "asteroid_mining",
    "asteroid_mining",
    "asteroid_mining",
    "orbital_solar",
    "asteroid_mining",
    "orbital_solar",
    "asteroid_mining",
    "asteroid_mining",
    "mars_colony",
    "orbital_solar"
  ],
  "origin": "branch_1773536105610"
}