{
  "economy": 0.20974589102858157,
  "population": 0.013419360966796879,
  "technology": 662.9380233371104,
  "energy": 827.0379939412513,
  "conflict": 29.62779344999999,
  "tech_tree": {
    "agriculture": 9,
    "industry": 8,
    "energy_tech": 7,
    "military": 9,
    "science": 11
  },
  "resources": {
    "food": 1137.663789230933,
    "minerals": 3538.003408388741,
    "energy_source": 3823.648456613201
  },
  "geography": {
    "region": "river",
    "distance_bias": 1.3091057639378068
  },
  "alliances": [
    "branch_1773480740184",
    "branch_1773480740170",
    "branch_1773480740156",
    "branch_1773536029304",
    "branch_1773536062110",
    "branch_1773536037366"
  ],
  "space": [
    "mars_colony",
    "orbital_solar",
    "asteroid_mining",
    "asteroid_mining",
    "asteroid_mining",
    "orbital_solar",
    "orbital_solar",
    "orbital_solar"
  ],
  "origin": "branch_1773536114657"
}