{
  "economy": 0.0040070989833546275,
  "population": 0.0003180885562500001,
  "technology": 394.9873645884287,
  "energy": 567.004016038219,
  "conflict": 24.132022938734053,
  "tech_tree": {
    "agriculture": 9,
    "industry": 8,
    "energy_tech": 7,
    "military": 9,
    "science": 11
  },
  "resources": {
    "food": 1137.663789230933,
    "minerals": 3938.003408388741,
    "energy_source": 3823.648456613201
  },
  "geography": {
    "region": "river",
    "distance_bias": 1.3091057639378068
  },
  "alliances": [
    "branch_1773480740184",
    "branch_1773480740170",
    "branch_1773480740156",
    "branch_1773536037366",
    "branch_1773480602136",
    "branch_1773536079363",
    "branch_1773536045408",
    "branch_1773536114704",
    "branch_1773536124247",
    "branch_1773536070731"
  ],
  "space": [
    "mars_colony",
    "orbital_solar",
    "asteroid_mining",
    "mars_colony",
    "mars_colony",
    "mars_colony",
    "orbital_solar",
    "mars_colony",
    "orbital_solar",
    "orbital_solar"
  ],
  "origin": "branch_1773536144042"
}