{
  "economy": 0.8425561413466772,
  "population": 0.048580976250000005,
  "technology": 659.3924020825107,
  "energy": 717.0466564925858,
  "conflict": 28.342496971693734,
  "tech_tree": {
    "agriculture": 10,
    "industry": 8,
    "energy_tech": 9,
    "military": 12,
    "science": 12
  },
  "resources": {
    "food": 703.0174150909318,
    "minerals": 4274.399743136187,
    "energy_source": 2831.89463060646
  },
  "geography": {
    "region": "river",
    "distance_bias": 1.3091057639378068
  },
  "alliances": [
    "branch_1773480740184",
    "branch_1773480740170",
    "branch_1773480740156",
    "branch_1773536037380",
    "branch_1773536029304",
    "branch_1773536053581",
    "branch_1773480740184",
    "branch_1773536105638",
    "branch_1773536105566"
  ],
  "space": [
    "mars_colony",
    "orbital_solar",
    "asteroid_mining",
    "asteroid_mining",
    "mars_colony",
    "orbital_solar",
    "orbital_solar",
    "mars_colony",
    "asteroid_mining",
    "orbital_solar",
    "asteroid_mining",
    "orbital_solar"
  ],
  "origin": "branch_1773536134030"
}