{
  "economy": 572.038989722711,
  "population": 5.412458673579911,
  "technology": 1114.493654250515,
  "energy": 635.5286014273945,
  "conflict": 7.183758639042493,
  "tech_tree": {
    "agriculture": 14,
    "industry": 11,
    "energy_tech": 15,
    "military": 13,
    "science": 12
  },
  "resources": {
    "food": 124.2050620612337,
    "minerals": 2538.2506304425924,
    "energy_source": -3227.087293137562
  },
  "geography": {
    "region": "mountain",
    "distance_bias": 0.5136547651628479
  },
  "alliances": [
    "branch_1773480740156",
    "branch_1773480740170",
    "branch_1773480740184",
    "branch_1773484554893",
    "branch_1773536105601",
    "branch_1773536133990",
    "branch_1773536154892"
  ],
  "space": [
    "mars_colony",
    "mars_colony",
    "asteroid_mining",
    "mars_colony",
    "mars_colony",
    "mars_colony",
    "orbital_solar"
  ]
}