{
  "economy": 0.11229781265702589,
  "population": 0.0068707128150000026,
  "technology": 385.0707936122841,
  "energy": 345.5367834058189,
  "conflict": 32.828579999999995,
  "tech_tree": {
    "agriculture": 9,
    "industry": 8,
    "energy_tech": 7,
    "military": 9,
    "science": 11
  },
  "resources": {
    "food": 1137.663789230933,
    "minerals": 4138.00340838874,
    "energy_source": 3523.648456613201
  },
  "geography": {
    "region": "river",
    "distance_bias": 1.3091057639378068
  },
  "alliances": [
    "branch_1773480740184",
    "branch_1773480740170",
    "branch_1773480740156",
    "branch_1773536133881"
  ],
  "space": [
    "mars_colony",
    "orbital_solar",
    "asteroid_mining",
    "asteroid_mining",
    "asteroid_mining",
    "mars_colony",
    "orbital_solar",
    "asteroid_mining",
    "orbital_solar",
    "mars_colony",
    "orbital_solar",
    "mars_colony"
  ],
  "origin": "branch_1773536179479"
}