{
  "economy": 0.004909941563088064,
  "population": 0.0002236560161132813,
  "technology": 507.4459099633913,
  "energy": 855.9843237291954,
  "conflict": 28.14640377749999,
  "tech_tree": {
    "agriculture": 9,
    "industry": 8,
    "energy_tech": 7,
    "military": 9,
    "science": 11
  },
  "resources": {
    "food": 1137.663789230933,
    "minerals": 3938.003408388741,
    "energy_source": 4123.6484566132
  },
  "geography": {
    "region": "river",
    "distance_bias": 1.3091057639378068
  },
  "alliances": [
    "branch_1773480740184",
    "branch_1773480740170",
    "branch_1773480740156",
    "branch_1773536029304",
    "branch_1773536062110",
    "branch_1773536105566",
    "branch_1773536087821"
  ],
  "space": [
    "mars_colony",
    "orbital_solar",
    "asteroid_mining",
    "asteroid_mining",
    "asteroid_mining",
    "orbital_solar",
    "orbital_solar",
    "orbital_solar",
    "mars_colony"
  ],
  "origin": "branch_1773536166552"
}