{
  "economy": 10.181225669636287,
  "population": 0.7132511791000002,
  "technology": 456.8527275671586,
  "energy": 126.54801041869725,
  "conflict": 25.589590423281237,
  "tech_tree": {
    "agriculture": 11,
    "industry": 8,
    "energy_tech": 11,
    "military": 14,
    "science": 12
  },
  "resources": {
    "food": 621.6457458639674,
    "minerals": 1408.7051652930213,
    "energy_source": -215.6551854091707
  },
  "geography": {
    "region": "river",
    "distance_bias": 1.3091057639378068
  },
  "alliances": [
    "branch_1773480740184",
    "branch_1773480740170",
    "branch_1773480740156",
    "branch_1773536037380",
    "branch_1773536062101",
    "branch_1773536087818",
    "branch_1773536154691",
    "branch_1773536144096"
  ],
  "space": [
    "mars_colony",
    "orbital_solar",
    "asteroid_mining",
    "asteroid_mining",
    "mars_colony",
    "orbital_solar",
    "mars_colony"
  ],
  "origin": "branch_1773536096662"
}