{
  "economy": 4.697120463911838,
  "population": 0.31838028595200013,
  "technology": 582.376555074874,
  "energy": 215.1870235225451,
  "conflict": 31.404428777499987,
  "tech_tree": {
    "agriculture": 10,
    "industry": 8,
    "energy_tech": 9,
    "military": 12,
    "science": 12
  },
  "resources": {
    "food": 703.0174150909318,
    "minerals": 2474.3997431361868,
    "energy_source": 1331.89463060646
  },
  "geography": {
    "region": "river",
    "distance_bias": 1.3091057639378068
  },
  "alliances": [
    "branch_1773480740184",
    "branch_1773480740170",
    "branch_1773480740156",
    "branch_1773536037380",
    "branch_1773480740184",
    "branch_1773536096731",
    "branch_1773536062068"
  ],
  "space": [
    "mars_colony",
    "orbital_solar",
    "asteroid_mining",
    "asteroid_mining",
    "mars_colony",
    "orbital_solar",
    "mars_colony",
    "mars_colony"
  ],
  "origin": "branch_1773536053566"
}