{
  "economy": 5.871781053962136,
  "population": 0.6870712815000002,
  "technology": 798.0617862749592,
  "energy": 684.787458983356,
  "conflict": 31.187150999999993,
  "tech_tree": {
    "agriculture": 9,
    "industry": 8,
    "energy_tech": 7,
    "military": 9,
    "science": 11
  },
  "resources": {
    "food": 1137.663789230933,
    "minerals": 3738.003408388741,
    "energy_source": 3823.648456613201
  },
  "geography": {
    "region": "river",
    "distance_bias": 1.3091057639378068
  },
  "alliances": [
    "branch_1773480740184",
    "branch_1773480740170",
    "branch_1773480740156",
    "branch_1773536029304",
    "branch_1773536037366"
  ],
  "space": [
    "mars_colony",
    "orbital_solar",
    "asteroid_mining",
    "asteroid_mining",
    "asteroid_mining",
    "orbital_solar",
    "asteroid_mining",
    "asteroid_mining",
    "mars_colony"
  ],
  "origin": "branch_1773484546700"
}